Model,Accuracy,AUC,Precision,Recall,F1,MCC
Logistic Regression,0.9361329833770778,0.9813930738972589,0.9392070484581497,0.9326334208223972,0.9359086918349429,0.8722873327137197
Decision Tree,0.9339457567804025,0.9339457567804025,0.9290657439446367,0.9396325459317585,0.934319269247499,0.867947653485676
KNN,0.9396325459317585,0.9788441799105821,0.9539295392953929,0.9238845144356955,0.9386666666666666,0.8797015329609964
Naive Bayes,0.7427821522309711,0.8050938077184796,0.6920415224913494,0.8748906386701663,0.7727975270479134,0.5034554675506625
Random Forest,0.9593175853018373,0.9934708511392332,0.9549393414211439,0.9641294838145232,0.9595124074880279,0.9186777143912238
XGBoost,0.963254593175853,0.9939048520072349,0.9608355091383812,0.9658792650918635,0.963350785340314,0.9265219518787372
